iter	RMSE
0	3302.882692
1	3042.694841
2	2870.593493
3	2753.604859
4	2648.090013
5	2544.367483
6	2468.243499
7	2404.49992
8	2373.150029
9	2330.028935
