iter	RMSE
0	3201.348668
1	3000.983295
2	2897.749907
3	2778.899481
4	2704.036208
5	2583.779392
6	2501.580879
7	2431.96324
8	2376.026082
9	2342.759107
